{"cameraMode":{"drawMode":0,"name":"Shaded","section":"Shading Mode"},"sceneLighting":false,"audioPlay":false,"sceneViewState":{"showFog":true,"showMaterialUpdate":false,"showSkybox":false,"showFlares":true,"showImageEffects":true,"showParticleSystems":true},"in2DMode":false,"pivot":{"x":-15.076882362365723,"y":0.5003769397735596,"z":-4.119022369384766},"rotation":{"x":0.19653455913066865,"y":-0.6832944750785828,"z":0.19948570430278779,"w":0.67441326379776},"size":4.041924953460693,"orthographic":false}